generated_at,window_seconds,feed,symbol,count,bytes,delta_count,delta_bytes,id_gaps,out_of_order,silence_events,duplicates,delta_id_gaps,delta_out_of_order,delta_silence_events,delta_duplicates,last_ts_ms,last_arrival_unix,max_interarrival_ms,total_msgs,total_bytes,delta_total_msgs,delta_total_bytes
2025-09-29T01:10:10+08:00,60.000,FEED_OKX_BOOK,BTC-USDT-SWAP,287102,350527440,0,0,0,0,10,0,0,0,0,0,1759079410909,1759079410,94582,15514488,4945334201,38641,12932051
2025-09-29T01:10:10+08:00,60.000,FEED_OKX_TRADES,DOT-USDT-SWAP,9697,2068240,0,0,4094,0,3349,0,0,0,0,0,1759079407693,1759079407,116330,15514488,4945334201,38641,12932051
2025-09-29T01:10:10+08:00,60.000,FEED_OKX_TRADES,AAVE-USDT-SWAP,36357,7905683,0,0,16636,0,4375,0,0,0,0,0,1759079410242,1759079410,109021,15514488,4945334201,38641,12932051
2025-09-29T01:10:10+08:00,60.000,FEED_OKX_BBO,BTC-USDT-SWAP,502351,93613152,0,0,0,0,14,0,0,0,0,0,1759079410989,1759079410,94643,15514488,4945334201,38641,12932051
2025-09-29T01:10:10+08:00,60.000,FEED_OKX_BBO,XRP-USDT-SWAP,620985,111492516,0,0,0,0,15,0,0,0,0,0,1759079410930,1759079410,94632,15514488,4945334201,38641,12932051
2025-09-29T01:10:10+08:00,60.000,FEED_OKX_BBO,FIL-USDT-SWAP,251972,45139760,0,0,0,0,113,0,0,0,0,0,1759079410890,1759079410,94934,15514488,4945334201,38641,12932051
2025-09-29T01:10:10+08:00,60.000,FEED_OKX_BBO,SAND-USDT-SWAP,100728,17686669,0,0,0,0,2530,0,0,0,0,0,1759079410194,1759079410,101990,15514488,4945334201,38641,12932051
2025-09-29T01:10:10+08:00,60.000,FEED_OKX_TRADES_ALL,DOT-USDT-SWAP,30280,5599846,0,0,7,0,3348,0,0,0,0,0,1759079407693,1759079407,116325,15514488,4945334201,38641,12932051
2025-09-29T01:10:10+08:00,60.000,FEED_OKX_TRADES,TRX-USDT-SWAP,6437,1391576,0,0,2403,0,2410,0,0,0,0,0,1759079404055,1759079404,105888,15514488,4945334201,38641,12932051
2025-09-29T01:10:10+08:00,60.000,FEED_OKX_TRADES,NEAR-USDT-SWAP,8327,1803089,0,0,4023,0,3287,0,0,0,0,0,1759079405922,1759079405,102092,15514488,4945334201,38641,12932051
2025-09-29T01:10:10+08:00,60.000,FEED_OKX_BBO,SOL-USDT-SWAP,787911,142709434,0,0,0,0,12,0,0,0,0,0,1759079410760,1759079410,94610,15514488,4945334201,38641,12932051
2025-09-29T01:10:10+08:00,60.000,FEED_OKX_BBO,DOT-USDT-SWAP,195764,34172954,0,0,0,0,661,0,0,0,0,0,1759079410500,1759079410,95167,15514488,4945334201,38641,12932051
2025-09-29T01:10:10+08:00,60.000,FEED_OKX_TRADES_ALL,BNB-USDT-SWAP,74433,13757237,0,0,7,0,4498,0,0,0,0,0,1759079409862,1759079409,99470,15514488,4945334201,38641,12932051
2025-09-29T01:10:10+08:00,60.000,FEED_OKX_TRADES_ALL,LTC-USDT-SWAP,35207,6594060,0,0,7,0,3853,0,0,0,0,0,1759079409828,1759079409,105126,15514488,4945334201,38641,12932051
2025-09-29T01:10:10+08:00,60.000,FEED_OKX_TRADES_ALL,TRX-USDT-SWAP,13549,2564135,0,0,7,0,2410,0,0,0,0,0,1759079404055,1759079404,105885,15514488,4945334201,38641,12932051
2025-09-29T01:10:10+08:00,60.000,FEED_OKX_TRADES_ALL,AAVE-USDT-SWAP,85830,16256824,0,0,8,0,4372,0,0,0,0,0,1759079410242,1759079410,109154,15514488,4945334201,38641,12932051
2025-09-29T01:10:10+08:00,60.000,FEED_OKX_TRADES,APT-USDT-SWAP,10463,2231363,0,0,4164,0,3570,0,0,0,0,0,1759079407844,1759079407,100374,15514488,4945334201,38641,12932051
2025-09-29T01:10:10+08:00,60.000,FEED_OKX_BBO,LTC-USDT-SWAP,290601,51648914,0,0,0,0,259,0,0,0,0,0,1759079410640,1759079410,94819,15514488,4945334201,38641,12932051
2025-09-29T01:10:10+08:00,60.000,FEED_OKX_BBO,TRX-USDT-SWAP,136337,24299282,0,0,0,0,1888,0,0,0,0,0,1759079410950,1759079410,97112,15514488,4945334201,38641,12932051
2025-09-29T01:10:10+08:00,60.000,FEED_OKX_BBO,NEAR-USDT-SWAP,160517,28424962,0,0,0,0,993,0,0,0,0,0,1759079410864,1759079410,94669,15514488,4945334201,38641,12932051
2025-09-29T01:10:10+08:00,60.000,FEED_OKX_BOOK,UNI-USDT-SWAP,211616,75971860,0,0,0,0,10,0,0,0,0,0,1759079410904,1759079410,94701,15514488,4945334201,38641,12932051
2025-09-29T01:10:10+08:00,60.000,FEED_OKX_TRADES_ALL,DOGE-USDT-SWAP,320271,61254302,0,0,8,0,1478,1,0,0,0,0,1759079409791,1759079409,95275,15514488,4945334201,38641,12932051
2025-09-29T01:10:10+08:00,60.000,FEED_OKX_TRADES,BNB-USDT-SWAP,30137,6420402,0,0,9293,0,4502,0,0,0,0,0,1759079409862,1759079409,99475,15514488,4945334201,38641,12932051
2025-09-29T01:10:10+08:00,60.000,FEED_OKX_TRADES,XRP-USDT-SWAP,62829,13594445,0,0,23943,0,3314,0,0,0,0,0,1759079410453,1759079410,99224,15514488,4945334201,38641,12932051
2025-09-29T01:10:10+08:00,60.000,FEED_OKX_BOOK,XRP-USDT-SWAP,286525,249302164,0,0,0,0,10,0,0,0,0,0,1759079410900,1759079410,94582,15514488,4945334201,38641,12932051
2025-09-29T01:10:10+08:00,60.000,FEED_OKX_BOOK,ADA-USDT-SWAP,267345,112795050,0,0,0,0,10,0,0,0,0,0,1759079410904,1759079410,94680,15514488,4945334201,38641,12932051
2025-09-29T01:10:10+08:00,60.000,FEED_OKX_BOOK,NEAR-USDT-SWAP,187212,57909733,0,0,0,0,12,0,0,0,0,0,1759079410904,1759079410,94591,15514488,4945334201,38641,12932051
2025-09-29T01:10:10+08:00,60.000,FEED_OKX_TRADES_ALL,AVAX-USDT-SWAP,192561,36483822,0,0,8,0,3884,0,0,0,0,0,1759079410445,1759079410,97081,15514488,4945334201,38641,12932051
2025-09-29T01:10:10+08:00,60.000,FEED_OKX_TRADES_ALL,APT-USDT-SWAP,28199,5214940,0,0,7,0,3572,0,0,0,0,0,1759079407844,1759079407,100376,15514488,4945334201,38641,12932051
2025-09-29T01:10:10+08:00,60.000,FEED_OKX_TRADES_ALL,SAND-USDT-SWAP,9048,1698253,0,0,7,0,1737,0,0,0,0,0,1759079401340,1759079401,134820,15514488,4945334201,38641,12932051
2025-09-29T01:10:10+08:00,60.000,FEED_OKX_TRADES,BTC-USDT-SWAP,142277,31312996,0,0,34500,0,2007,0,0,0,0,0,1759079410983,1759079410,98580,15514488,4945334201,38641,12932051
2025-09-29T01:10:10+08:00,60.000,FEED_OKX_TRADES,AVAX-USDT-SWAP,80997,17624478,0,0,40301,0,3885,0,0,0,0,0,1759079410445,1759079410,97084,15514488,4945334201,38641,12932051
2025-09-29T01:10:10+08:00,60.000,FEED_OKX_BOOK,TRX-USDT-SWAP,181144,67445202,0,0,0,0,10,0,0,0,0,0,1759079410900,1759079410,94590,15514488,4945334201,38641,12932051
2025-09-29T01:10:10+08:00,60.000,FEED_OKX_BBO,APT-USDT-SWAP,283129,49401181,0,0,0,0,366,0,0,0,0,0,1759079410664,1759079410,96790,15514488,4945334201,38641,12932051
2025-09-29T01:10:10+08:00,60.000,FEED_OKX_BOOK,AVAX-USDT-SWAP,281470,236109614,0,0,0,0,10,0,0,0,0,0,1759079410909,1759079410,94585,15514488,4945334201,38641,12932051
2025-09-29T01:10:10+08:00,60.000,FEED_OKX_TRADES,ATOM-USDT-SWAP,4753,1022075,0,0,2495,0,2445,0,0,0,0,0,1759079400262,1759079400,125036,15514488,4945334201,38641,12932051
2025-09-29T01:10:10+08:00,60.000,FEED_OKX_BOOK,ETH-USDT-SWAP,288564,411097998,0,0,0,0,10,0,0,0,0,0,1759079410904,1759079410,94582,15514488,4945334201,38641,12932051
2025-09-29T01:10:10+08:00,60.000,FEED_OKX_BOOK,AAVE-USDT-SWAP,268783,161640364,0,0,0,0,10,0,0,0,0,0,1759079410900,1759079410,94598,15514488,4945334201,38641,12932051
2025-09-29T01:10:10+08:00,60.000,FEED_OKX_TRADES_ALL,LINK-USDT-SWAP,102156,19358921,0,0,8,0,4430,0,0,0,0,0,1759079410162,1759079410,100056,15514488,4945334201,38641,12932051
2025-09-29T01:10:10+08:00,60.000,FEED_OKX_TRADES_ALL,ATOM-USDT-SWAP,13098,2446733,0,0,7,0,2445,0,0,0,0,0,1759079400262,1759079400,125038,15514488,4945334201,38641,12932051
2025-09-29T01:10:10+08:00,60.000,FEED_OKX_TRADES,SOL-USDT-SWAP,145236,31564887,0,0,45988,0,899,0,0,0,0,0,1759079410033,1759079410,94628,15514488,4945334201,38641,12932051
2025-09-29T01:10:10+08:00,60.000,FEED_OKX_TRADES,ADA-USDT-SWAP,26072,5617735,0,0,7917,0,4664,0,0,0,0,0,1759079409778,1759079409,98735,15514488,4945334201,38641,12932051
2025-09-29T01:10:10+08:00,60.000,FEED_OKX_BOOK,FIL-USDT-SWAP,282905,80092366,0,0,0,0,10,0,0,0,0,0,1759079410900,1759079410,94591,15514488,4945334201,38641,12932051
2025-09-29T01:10:10+08:00,60.000,FEED_OKX_TRADES_ALL,FIL-USDT-SWAP,56215,10408954,0,0,8,0,3847,0,0,0,0,0,1759079410889,1759079410,96599,15514488,4945334201,38641,12932051
2025-09-29T01:10:10+08:00,60.000,FEED_OKX_TRADES,LINK-USDT-SWAP,38276,8329164,0,0,19174,0,4431,0,0,0,0,0,1759079410162,1759079410,100059,15514488,4945334201,38641,12932051
2025-09-29T01:10:10+08:00,60.000,FEED_OKX_BBO,ATOM-USDT-SWAP,154350,26960136,0,0,0,0,1173,0,0,0,0,0,1759079410714,1759079410,97085,15514488,4945334201,38641,12932051
2025-09-29T01:10:10+08:00,60.000,FEED_OKX_TRADES_ALL,NEAR-USDT-SWAP,26372,4968853,0,0,7,0,3291,0,0,0,0,0,1759079405922,1759079405,102090,15514488,4945334201,38641,12932051
2025-09-29T01:10:10+08:00,60.000,FEED_OKX_TRADES,ETH-USDT-SWAP,371745,81447402,0,0,108729,0,218,1,0,0,0,0,1759079410949,1759079410,94977,15514488,4945334201,38641,12932051
2025-09-29T01:10:10+08:00,60.000,FEED_OKX_TRADES,DOGE-USDT-SWAP,115209,25277208,0,0,40911,0,1486,0,0,0,0,0,1759079409791,1759079409,95277,15514488,4945334201,38641,12932051
2025-09-29T01:10:10+08:00,60.000,FEED_OKX_TRADES,LTC-USDT-SWAP,15312,3295881,0,0,5396,0,3848,0,0,0,0,0,1759079409828,1759079409,105133,15514488,4945334201,38641,12932051
2025-09-29T01:10:10+08:00,60.000,FEED_OKX_BBO,DOGE-USDT-SWAP,629701,115485352,0,0,0,0,12,0,0,0,0,0,1759079410990,1759079410,94626,15514488,4945334201,38641,12932051
2025-09-29T01:10:10+08:00,60.000,FEED_OKX_BOOK,DOGE-USDT-SWAP,287147,272545083,0,0,0,0,10,0,0,0,0,0,1759079410900,1759079410,94585,15514488,4945334201,38641,12932051
2025-09-29T01:10:10+08:00,60.000,FEED_OKX_TRADES_ALL,ETH-USDT-SWAP,756600,143684582,0,0,8,0,213,0,0,0,0,0,1759079410949,1759079410,94878,15514488,4945334201,38641,12932051
2025-09-29T01:10:10+08:00,60.000,FEED_OKX_BBO,ETH-USDT-SWAP,705305,130125025,0,0,0,0,13,0,0,0,0,0,1759079410974,1759079410,94617,15514488,4945334201,38641,12932051
2025-09-29T01:10:10+08:00,60.000,FEED_OKX_BOOK,LINK-USDT-SWAP,269473,157924974,0,0,0,0,10,0,0,0,0,0,1759079410908,1759079410,94589,15514488,4945334201,38641,12932051
2025-09-29T01:10:10+08:00,60.000,FEED_OKX_TRADES,FIL-USDT-SWAP,29544,6296944,0,0,3436,0,3844,0,0,0,0,0,1759079410889,1759079410,96601,15514488,4945334201,38641,12932051
2025-09-29T01:10:10+08:00,60.000,FEED_OKX_TRADES,SAND-USDT-SWAP,2681,579062,0,0,1761,0,1737,0,0,0,0,0,1759079401340,1759079401,134821,15514488,4945334201,38641,12932051
2025-09-29T01:10:10+08:00,60.000,FEED_OKX_TRADES,UNI-USDT-SWAP,13739,2927672,0,0,6077,0,3546,0,0,0,0,0,1759079405999,1759079405,109158,15514488,4945334201,38641,12932051
2025-09-29T01:10:10+08:00,60.000,FEED_OKX_BOOK,SOL-USDT-SWAP,288371,276839051,0,0,0,0,10,0,0,0,0,0,1759079410900,1759079410,94581,15514488,4945334201,38641,12932051
2025-09-29T01:10:10+08:00,60.000,FEED_OKX_BOOK,LTC-USDT-SWAP,226118,83415499,0,0,0,0,10,0,0,0,0,0,1759079410900,1759079410,94689,15514488,4945334201,38641,12932051
2025-09-29T01:10:10+08:00,60.000,FEED_OKX_TRADES_ALL,BTC-USDT-SWAP,254089,48532688,0,0,8,0,2012,0,0,0,0,0,1759079410983,1759079410,98577,15514488,4945334201,38641,12932051
2025-09-29T01:10:10+08:00,60.000,FEED_OKX_TRADES_ALL,ADA-USDT-SWAP,57489,10772128,0,0,8,0,4663,0,0,0,0,0,1759079409778,1759079409,98731,15514488,4945334201,38641,12932051
2025-09-29T01:10:10+08:00,60.000,FEED_OKX_BBO,LINK-USDT-SWAP,362215,64681284,0,0,0,0,38,0,0,0,0,0,1759079410968,1759079410,94564,15514488,4945334201,38641,12932051
2025-09-29T01:10:10+08:00,60.000,FEED_OKX_BOOK,DOT-USDT-SWAP,201660,63092915,0,0,0,0,11,0,0,0,0,0,1759079410800,1759079410,94585,15514488,4945334201,38641,12932051
2025-09-29T01:10:10+08:00,60.000,FEED_OKX_TRADES_ALL,SOL-USDT-SWAP,469928,88908961,0,0,8,0,898,0,0,0,0,0,1759079410033,1759079410,94626,15514488,4945334201,38641,12932051
2025-09-29T01:10:10+08:00,60.000,FEED_OKX_TRADES_ALL,UNI-USDT-SWAP,35707,6601574,0,0,7,0,3546,0,0,0,0,0,1759079405999,1759079405,109160,15514488,4945334201,38641,12932051
2025-09-29T01:10:10+08:00,60.000,FEED_OKX_BOOK,BNB-USDT-SWAP,253811,95923027,0,0,0,0,10,0,0,0,0,0,1759079410904,1759079410,94878,15514488,4945334201,38641,12932051
2025-09-29T01:10:10+08:00,60.000,FEED_OKX_TRADES_ALL,XRP-USDT-SWAP,165322,31126867,0,0,8,0,3307,0,0,0,0,0,1759079410453,1759079410,99218,15514488,4945334201,38641,12932051
2025-09-29T01:10:10+08:00,60.000,FEED_OKX_BBO,ADA-USDT-SWAP,448315,79885964,0,0,0,0,43,0,0,0,0,0,1759079410904,1759079410,95023,15514488,4945334201,38641,12932051
2025-09-29T01:10:10+08:00,60.000,FEED_OKX_BBO,AVAX-USDT-SWAP,474363,84009839,0,0,0,0,24,0,0,0,0,0,1759079410479,1759079410,94676,15514488,4945334201,38641,12932051
2025-09-29T01:10:10+08:00,60.000,FEED_OKX_BBO,AAVE-USDT-SWAP,276397,48986552,0,0,0,0,316,0,0,0,0,0,1759079410970,1759079410,94525,15514488,4945334201,38641,12932051
2025-09-29T01:10:10+08:00,60.000,FEED_OKX_BOOK,ATOM-USDT-SWAP,186949,54761393,0,0,0,0,10,0,0,0,0,0,1759079410904,1759079410,94978,15514488,4945334201,38641,12932051
2025-09-29T01:10:10+08:00,60.000,FEED_OKX_BOOK,APT-USDT-SWAP,222642,69918133,0,0,0,0,10,0,0,0,0,0,1759079410904,1759079410,95695,15514488,4945334201,38641,12932051
2025-09-29T01:10:10+08:00,60.000,FEED_OKX_BOOK,SAND-USDT-SWAP,158889,44777441,0,0,0,0,12,0,0,0,0,0,1759079410804,1759079410,94979,15514488,4945334201,38641,12932051
2025-09-29T01:10:10+08:00,60.000,FEED_OKX_BBO,BNB-USDT-SWAP,352021,61432897,0,0,0,0,36,0,0,0,0,0,1759079410834,1759079410,94944,15514488,4945334201,38641,12932051
2025-09-29T01:10:10+08:00,60.000,FEED_OKX_BBO,UNI-USDT-SWAP,267358,46145039,0,0,0,0,516,0,0,0,0,0,1759079410214,1759079410,96229,15514488,4945334201,38641,12932051
